{
  "display": {
    "icon": {
      "id": "minecraft:music_disc_pigstep"
    },
    "title": {
      "text": "Red wool",
      "color": "red",
      "bold": true,
      "italic": false
    },
    "description": {
      "text": "Obtain Lena Raine - Pigstep",
      "color": "white",
      "bold": false,
      "italic": false
    },
    "frame": "task",
    "show_toast": true,
    "announce_to_chat": false,
    "hidden": false
  },
  "parent": "ctmv:english/disco/root",
  "criteria": {
    "requirement": {
      "trigger": "minecraft:impossible"
    }
  }
}
