{
  "display": {
    "icon": {
      "id": "minecraft:experience_bottle"
    },
    "title": {
      "text": "Lime wool",
      "color": "green",
      "bold": true,
      "italic": false
    },
    "description": {
      "text": "Obtain a Bottle o' Enchanting",
      "color": "white",
      "bold": false,
      "italic": false
    },
    "frame": "task",
    "show_toast": true,
    "announce_to_chat": false,
    "hidden": false
  },
  "parent": "ctmv:english/normal/root",
  "criteria": {
    "requirement": {
      "trigger": "minecraft:impossible"
    }
  }
}
