{
  "display": {
    "icon": {
      "id": "minecraft:music_disc_11"
    },
    "title": {
      "text": "Gray wool",
      "color": "dark_gray",
      "bold": true,
      "italic": false
    },
    "description": {
      "text": "Obtain Music disc - 11",
      "color": "white",
      "bold": false,
      "italic": false
    },
    "frame": "task",
    "show_toast": true,
    "announce_to_chat": false,
    "hidden": false
  },
  "parent": "ctmv:english/hard/root",
  "criteria": {
    "requirement": {
      "trigger": "minecraft:impossible"
    }
  }
}
