{
  "parent": "ctmv:inventory_checks/root",
  "criteria": {
    "requirement": {
      "trigger": "minecraft:inventory_changed",
      "conditions": {
        "items": [
          {
            "items": [
              "minecraft:tipped_arrow"
            ],
            "components": {
              "minecraft:potion_contents": "minecraft:fire_resistance"
            }
          }
        ]
      }
    }
  },
  "rewards": {
    "function": "ctmv:obtain_item/advancements/tipped_arrow_fire"
  }
}
