{
    "display": {
      "icon": {
        "id": "minecraft:diamond_block"
      },
      "title": {
        "text": "Bloque de Diamante",
        "color": "#72FFFA",
        "bold": true,
        "italic": false
      },
      "description": "",
      "frame": "task",
      "show_toast": true,
      "announce_to_chat": false,
      "hidden": false
    },
    "parent": "ctmv:spanish/hard/lime",
    "criteria": {
      "requirement": {
        "trigger": "minecraft:impossible"
    }
  }
}
