{
  "display": {
    "icon": {
      "id": "minecraft:totem_of_undying"
    },
    "title": {
      "text": "Lana morada",
      "color": "dark_purple",
      "bold": true,
      "italic": false
    },
    "description": {
      "text": "Obtén un Tótem de la Inmortalidad",
      "color": "white",
      "bold": false,
      "italic": false
    },
    "frame": "task",
    "show_toast": true,
    "announce_to_chat": false,
    "hidden": false
  },
  "parent": "ctmv:spanish/normal/root",
  "criteria": {
    "requirement": {
      "trigger": "minecraft:impossible"
    }
  }
}
