{
    "display": {
      "icon": {
        "id": "minecraft:clock",
        "components": {
          "minecraft:enchantment_glint_override": true
        }
      },
      "title": [
        {
          "text": "⏩",
          "color": "yellow",
          "bold": false,
          "italic": false
        },
        {
          "text": " CTM Vanilla V4 ",
          "color": "gold",
          "bold": true,
          "italic": false
        },
        {
          "text": "⏪",
          "color": "yellow",
          "bold": false,
          "italic": false
        }
      ],
      "description": {
        "text": "Get every wool before the time runs out! Current gamemode: ☠ NIGHTMARE ☠",
        "color": "white",
        "bold": false,
        "italic": false
      },
      "background": "minecraft:textures/block/bedrock.png",
      "frame": "goal",
      "show_toast": false,
      "announce_to_chat": false
    },
    "criteria": {
      "requirement": {
        "trigger": "minecraft:impossible"
      }
    }
  }
  